﻿Ref. No.,Author et al,Goal,Extremity,Instrumentation, PD number,Algorithm,Spec. [%],Sens. [%],Acc. [%],Other notes,subjects
,Oung 2016,diagnosis,lower,IMU,"15 PD, 15 HC",SVM,88.2,88.7,88.8,"best, for frequency features",15
,Oung 2016,diagnosis,lower,IMU,"15 PD, 15 HC",NN,88.52,88.67,88.61,"best, for frequency features",15
,D. J. Cook et al. 2015.,diagnosis,upper and lower,multimodal,"25 PD (PDc+ and PDc-, H&Y: ≤ 4)
50 HC
",Tree based,,,97,PDc+ vs HC: ,25
,Q. W. Oung et al. 2018.,diagnosis,lower and upper,multimodal,"15 controls
20 PD severity ‘1’
20 PD severity ‘2’ 
15 PD severity ‘3’
Standardized PD assessment tests, vowel hold speech test
",NN,,,95.93,,55
,Q. W. Oung et al. 2018.,diagnosis,lower and upper,multimodal,"15 controls
20 PD severity ‘1’
20 PD severity ‘2’ 
15 PD severity ‘3’
Standardized PD assessment tests, vowel hold speech test
",NN,,,89.95,,55
,Q. W. Oung et al. 2018.,diagnosis,lower and upper,multimodal,"15 controls
20 PD severity ‘1’
20 PD severity ‘2’ 
15 PD severity ‘3’
Standardized PD assessment tests, vowel hold speech test
",KNN,,,86.94,,55
,S. H. Roy et al. 2013.,assessment,upper and lower,multimodal,"11 PD training, 8 PD and 4 non-PD testing",NN,97,96,,detection,11
,C. Tucker et al. 2015.,diagnosis,upper and lower,Kinect,"7 PD, 7 HC",KNN,,95.4,95.4,,7
,C. Tucker et al. 2015.,diagnosis,upper and lower,Kinect,"7 PD, 7 HC",NB,,50.6,50.5,,7
,C. Tucker et al. 2015.,diagnosis,upper and lower,Kinect,"7 PD, 7 HC",SVM,,74,73.9,,7
,C. Tucker et al. 2015.,diagnosis,upper and lower,Kinect,"7 PD, 7 HC",Tree based,,88,88.1,,7
,S. Patel et al. 2009.,assessment,all body,IMU,12 PD(H&Y: 2-3),SVM,,,97.8,Bradykinesia,12
,A. T. Tzallas et al. 2014.,assessment,upper and lower,IMU,24 PD,Tree based,,,79,,24
,S. Arora et al. 2015.,assessment,upper and lower,multimodal,"10 PD, 10 HC",Tree based,96.9,96.2,,,10
,G. Rigas et al. 2012.,assessment,all body,IMU,"18 PD,  5 HC",HMM,,,87,PITATI!,18
,C. Caramia et al. 2018.,diagnosis,upper and lower,IMU,"25 PD (H&Y: 2.00±0.82)
25 HC
",LDA,,,79.62,Best for individual classifier,25
,C. Caramia et al. 2018.,diagnosis,upper and lower,IMU,"25 PD (H&Y: 2.00±0.82)
25 HC
",NB,,,79.52,Best for individual classifier,25
,C. Caramia et al. 2018.,diagnosis,upper and lower,IMU,"25 PD (H&Y: 2.00±0.82)
25 HC
",KNN,,,84.62,Best for individual classifier,25
,C. Caramia et al. 2018.,diagnosis,upper and lower,IMU,"25 PD (H&Y: 2.00±0.82)
25 HC
",SVM,,,83.22,Best for individual classifier,25
,C. Caramia et al. 2018.,diagnosis,upper and lower,IMU,"25 PD (H&Y: 2.00±0.82)
25 HC
",Tree based,,,84.1,Best for individual classifier,25
,C. Caramia et al. 2018.,diagnosis,upper and lower,IMU,"25 PD (H&Y: 2.00±0.82)
25 HC
",Ensemble,,,96,Best for meta 1,25
,C. Caramia et al. 2018.,diagnosis,upper and lower,IMU,"25 PD (H&Y: 2.00±0.82)
25 HC
",SVM,,,94.5,"H&Y I vs HC, Feature group that gave best SVM results",25
